Unnamed: 0,ligne,bol_type_code,ctn_reference,cnt_size,cnt_flag,index,filename
,,,ZCSU8513231,,,,cnt_num_ZIM_12-28-2020_SYD.csv
,,,BEAU5546223,,,,cnt_num_ZIM_12-28-2020_SYD.csv
,,,ZMOU8825976,,,,cnt_num_ZIM_12-28-2020_SYD.csv
,,,TCNU5121192,,,,cnt_num_ZIM_12-28-2020_SYD.csv
,,,ZCSU2693455,,,,cnt_num_ZIM_12-28-2020_SYD.csv
,,,ZCSU7136766,,,,cnt_num_ZIM_12-28-2020_SYD.csv
,,,ZCSU2670207,,,,cnt_num_ZIM_12-28-2020_SYD.csv
,,,TGHU5203163,,,,cnt_num_ZIM_12-28-2020_SYD.csv
,,,TCNU8770852,,,,cnt_num_ZIM_12-28-2020_SYD.csv
,,,TLLU5197590,,,,cnt_num_ZIM_12-28-2020_SYD.csv
,,,RFCU5004513,,,,cnt_num_ZIM_12-28-2020_SYD.csv
,,,ZCSU8984519,,,,cnt_num_ZIM_12-28-2020_SYD.csv
,,,TCNU4419990,,,,cnt_num_ZIM_12-28-2020_SYD.csv
,,,BEAU5142860,,,,cnt_num_ZIM_12-28-2020_SYD.csv
,,,TGBU5966712,,,,cnt_num_ZIM_12-28-2020_SYD.csv
,,,TLLU5297881,,,,cnt_num_ZIM_12-28-2020_SYD.csv
,,,AXIU1604758,,,,cnt_num_ZIM_12-28-2020_SYD.csv
,,,SZLU9062747,,,,cnt_num_ZIM_12-28-2020_SYD.csv
,,,TCNU6908840,,,,cnt_num_ZIM_12-28-2020_SYD.csv
,,,TCKU6760681,,,,cnt_num_ZIM_12-28-2020_SYD.csv
,,,TCKU1570647,,,,cnt_num_ZIM_12-28-2020_SYD.csv
,,,MAGU2147320,,,,cnt_num_ZIM_12-28-2020_SYD.csv
,,,TRHU3332559,,,,cnt_num_ZIM_12-28-2020_SYD.csv
,,,TCNU2475572,,,,cnt_num_ZIM_12-28-2020_SYD.csv
,,,TCKU3742278,,,,cnt_num_ZIM_12-28-2020_SYD.csv
,,,TCNU8674674,,,,cnt_num_ZIM_12-28-2020_SYD.csv
,,,BSIU2790982,,,,cnt_num_ZIM_12-28-2020_SYD.csv
,,,TEMU4666808,,,,cnt_num_ZIM_12-28-2020_SYD.csv
,,,FCIU9055895,,,,cnt_num_ZIM_12-28-2020_SYD.csv
,,,FSCU8226056,,,,cnt_num_ZIM_12-28-2020_SYD.csv
,,,TCNU5411186,,,,cnt_num_ZIM_12-28-2020_SYD.csv
,,,ZCSU8967954,,,,cnt_num_ZIM_12-28-2020_SYD.csv
,,,GLDU9808259,,,,cnt_num_ZIM_12-28-2020_SYD.csv
,,,ZMOU8861628,,,,cnt_num_ZIM_12-28-2020_SYD.csv
,,,GAOU6106095,,,,cnt_num_ZIM_12-28-2020_SYD.csv
,,,ZCSU6551551,,,,cnt_num_ZIM_12-28-2020_SYD.csv
,,,TCNU8186535,,,,cnt_num_ZIM_12-28-2020_SYD.csv
,,,CAIU4416370,,,,cnt_num_ZIM_12-28-2020_SYD.csv
,,,ZCSU8621010,,,,cnt_num_ZIM_12-28-2020_SYD.csv
,,,ZCSU8248890,,,,cnt_num_ZIM_12-28-2020_SYD.csv
,,,ZIMU1380964,,,,cnt_num_ZIM_12-28-2020_SYD.csv
,,,ZCSU8820881,,,,cnt_num_ZIM_12-28-2020_SYD.csv
,,,JXLU5965583,,,,cnt_num_ZIM_12-28-2020_SYD.csv
,,,JXLU5106757,,,,cnt_num_ZIM_12-28-2020_SYD.csv
,,,TEMU9084456,,,,cnt_num_ZIM_12-28-2020_SYD.csv
,,,ZCSU5108976,,,,cnt_num_ZIM_12-28-2020_SYD.csv
,,,ZCSU5836101,,,,cnt_num_ZIM_12-28-2020_SYD.csv
,,,CRSU9050610,,,,cnt_num_ZIM_12-28-2020_SYD.csv
,,,GLDU9814354,,,,cnt_num_ZIM_12-28-2020_SYD.csv
,,,TCNU8936310,,,,cnt_num_ZIM_12-28-2020_SYD.csv
,,,ZCSU8759924,,,,cnt_num_ZIM_12-28-2020_SYD.csv
,,,ZIMU1315589,,,,cnt_num_ZIM_12-28-2020_SYD.csv
,,,TLLU8113020,,,,cnt_num_ZIM_12-28-2020_SYD.csv
,,,RFCU2238040,,,,cnt_num_ZIM_12-28-2020_SYD.csv
,,,BSIU9753321,,,,cnt_num_ZIM_12-28-2020_SYD.csv
,,,TCNU7258538,,,,cnt_num_ZIM_12-28-2020_SYD.csv
,,,MAGU5461165,,,,cnt_num_ZIM_12-28-2020_SYD.csv
,,,SEGU5276496,,,,cnt_num_ZIM_12-28-2020_SYD.csv
,,,TCNU7369341,,,,cnt_num_ZIM_12-28-2020_SYD.csv
,,,DFSU6943730,,,,cnt_num_ZIM_12-28-2020_SYD.csv
,,,TCKU6644594,,,,cnt_num_ZIM_12-28-2020_SYD.csv
,,,TCNU2303830,,,,cnt_num_ZIM_12-28-2020_SYD.csv
,,,BSIU9687641,,,,cnt_num_ZIM_12-28-2020_SYD.csv
,,,GAOU6109197,,,,cnt_num_ZIM_12-28-2020_SYD.csv
,,,ZCSU8667005,,,,cnt_num_ZIM_12-28-2020_SYD.csv
,,,ZCSU8958952,,,,cnt_num_ZIM_12-28-2020_SYD.csv
,,,TCNU8770873,,,,cnt_num_ZIM_12-28-2020_SYD.csv
,,,TEMU8050425,,,,cnt_num_ZIM_12-28-2020_SYD.csv
,,,ZCSU5117772,,,,cnt_num_ZIM_12-28-2020_SYD.csv
,,,TGHU1877199,,,,cnt_num_ZIM_12-28-2020_SYD.csv
,,,SEGU5808367,,,,cnt_num_ZIM_12-28-2020_SYD.csv
,,,TGBU6268043,,,,cnt_num_ZIM_12-28-2020_SYD.csv
,,,TRHU2398079,,,,cnt_num_ZIM_12-28-2020_SYD.csv
,,,GAOU6084252,,,,cnt_num_ZIM_12-28-2020_SYD.csv
,,,ZCSU2728130,,,,cnt_num_ZIM_12-28-2020_SYD.csv
,,,BEAU5047878,,,,cnt_num_ZIM_12-28-2020_SYD.csv
,,,RFCU5074779,,,,cnt_num_ZIM_12-28-2020_SYD.csv
,,,TCNU5041306,,,,cnt_num_ZIM_12-28-2020_SYD.csv
,,,TGHU6197785,,,,cnt_num_ZIM_12-28-2020_SYD.csv
,,,ZCSU6532778,,,,cnt_num_ZIM_12-28-2020_SYD.csv
,,,ZCSU7143277,,,,cnt_num_ZIM_12-28-2020_SYD.csv
,,,FSCU8165027,,,,cnt_num_ZIM_12-28-2020_SYD.csv
,,,TCNU2479304,,,,cnt_num_ZIM_12-28-2020_SYD.csv
,,,TCKU1661259,,,,cnt_num_ZIM_12-28-2020_SYD.csv
,,,ZCSU8477751,,,,cnt_num_ZIM_12-28-2020_SYD.csv
,,,JXLU5963657,,,,cnt_num_ZIM_12-28-2020_SYD.csv
,,,ZMOU8843917,,,,cnt_num_ZIM_12-28-2020_SYD.csv
,,,ZMOU8851933,,,,cnt_num_ZIM_12-28-2020_SYD.csv
,,,BMOU4516023,,,,cnt_num_ZIM_12-28-2020_SYD.csv
,,,TEMU1049058,,,,cnt_num_ZIM_12-28-2020_SYD.csv
,,,TGBU5960519,,,,cnt_num_ZIM_12-28-2020_SYD.csv
,,,ZCSU8634906,,,,cnt_num_ZIM_12-28-2020_SYD.csv
,,,ZIMU3059716,,,,cnt_num_ZIM_12-28-2020_SYD.csv
,,,ZCSU8995956,,,,cnt_num_ZIM_12-28-2020_SYD.csv
,,,FCIU9003546,,,,cnt_num_ZIM_12-28-2020_SYD.csv
,,,ZCSU7184424,,,,cnt_num_ZIM_12-28-2020_SYD.csv
,,,ZCSU2797439,,,,cnt_num_ZIM_12-28-2020_SYD.csv
,,,GLDU3876493,,,,cnt_num_ZIM_12-28-2020_SYD.csv
,,,GLDU3876493,,,,cnt_num_ZIM_12-28-2020_SYD.csv
,,,CAIU5455684,,,,cnt_num_ZIM_12-28-2020_SYD.csv
,,,ZCSU6542821,,,,cnt_num_ZIM_12-28-2020_SYD.csv
,,,GAOU6134461,,,,cnt_num_ZIM_12-28-2020_SYD.csv
,,,TGBU7208012,,,,cnt_num_ZIM_12-28-2020_SYD.csv
,,,ZCSU8750110,,,,cnt_num_ZIM_12-28-2020_SYD.csv
,,,ZCSU7055216,,,,cnt_num_ZIM_12-28-2020_SYD.csv
,,,TGBU5779162,,,,cnt_num_ZIM_12-28-2020_SYD.csv
,,,TGBU7183001,,,,cnt_num_ZIM_12-28-2020_SYD.csv
,,,DRYU2388710,,,,cnt_num_ZIM_12-28-2020_SYD.csv
,,,SEGU2096823,,,,cnt_num_ZIM_12-28-2020_SYD.csv
,,,ZIMU3028973,,,,cnt_num_ZIM_12-28-2020_SYD.csv
,,,TGBU2611982,,,,cnt_num_ZIM_12-28-2020_SYD.csv
,,,FSCU8226375,,,,cnt_num_ZIM_12-28-2020_SYD.csv
,,,TRHU2607836,,,,cnt_num_ZIM_12-28-2020_SYD.csv
,,,BMOU4584075,,,,cnt_num_ZIM_12-28-2020_SYD.csv
,,,GLDU5103785,,,,cnt_num_ZIM_12-28-2020_SYD.csv
,,,ZCSU8680352,,,,cnt_num_ZIM_12-28-2020_SYD.csv
,,,TGBU2611154,,,,cnt_num_ZIM_12-28-2020_SYD.csv
,,,ZIMU3007760,,,,cnt_num_ZIM_12-28-2020_SYD.csv
,,,CLHU3747877,,,,cnt_num_ZIM_12-28-2020_SYD.csv
,,,ZIMU1036162,,,,cnt_num_ZIM_12-28-2020_SYD.csv
,,,TCNU6310966,,,,cnt_num_ZIM_12-28-2020_SYD.csv
,,,ZCSU7175504,,,,cnt_num_ZIM_12-28-2020_SYD.csv
,,,FCIU8995067,,,,cnt_num_ZIM_12-28-2020_SYD.csv
,,,ZCSU8570329,,,,cnt_num_ZIM_12-28-2020_SYD.csv
,,,TEMU6772990,,,,cnt_num_ZIM_12-28-2020_SYD.csv
,,,TEMU7629984,,,,cnt_num_ZIM_12-28-2020_SYD.csv
,,,ZCSU8598455,,,,cnt_num_ZIM_12-28-2020_SYD.csv
,,,MAGU5430591,,,,cnt_num_ZIM_12-28-2020_SYD.csv
,,,ZCSU7123218,,,,cnt_num_ZIM_12-28-2020_SYD.csv
,,,TCNU8546288,,,,cnt_num_ZIM_12-28-2020_SYD.csv
,,,ZCSU7156309,,,,cnt_num_ZIM_12-28-2020_SYD.csv
,,,ZCSU6514218,,,,cnt_num_ZIM_12-28-2020_SYD.csv
,,,ZIMU2848685,,,,cnt_num_ZIM_12-28-2020_SYD.csv
,,,TCNU5646853,,,,cnt_num_ZIM_12-28-2020_SYD.csv
,,,ZCSU2587664,,,,cnt_num_ZIM_12-28-2020_SYD.csv
,,,BSIU9719409,,,,cnt_num_ZIM_12-28-2020_SYD.csv
,,,ZCSU7127450,,,,cnt_num_ZIM_12-28-2020_SYD.csv
,,,TCNU8551875,,,,cnt_num_ZIM_12-28-2020_SYD.csv
,,,TEMU6745357,,,,cnt_num_ZIM_12-28-2020_SYD.csv
,,,ZCSU8728991,,,,cnt_num_ZIM_12-28-2020_SYD.csv
,,,TCNU8537157,,,,cnt_num_ZIM_12-28-2020_SYD.csv
,,,ZCSU6521515,,,,cnt_num_ZIM_12-28-2020_SYD.csv
,,,CAIU6459529,,,,cnt_num_ZIM_12-28-2020_SYD.csv
,,,TEMU2428821,,,,cnt_num_ZIM_12-28-2020_SYD.csv
,,,ZCSU2682471,,,,cnt_num_ZIM_12-28-2020_SYD.csv
,,,ZCSU2671348,,,,cnt_num_ZIM_12-28-2020_SYD.csv
,,,TCNU4634708,,,,cnt_num_ZIM_12-28-2020_SYD.csv
,,,TCNU1828464,,,,cnt_num_ZIM_12-28-2020_SYD.csv
,,,TCNU2299200,,,,cnt_num_ZIM_12-28-2020_SYD.csv
,,,GLDU7584695,,,,cnt_num_ZIM_12-28-2020_SYD.csv
,,,ZCSU6510887,,,,cnt_num_ZIM_12-28-2020_SYD.csv
,,,ZCSU2616248,,,,cnt_num_ZIM_12-28-2020_SYD.csv
,,,ZCSU2642988,,,,cnt_num_ZIM_12-28-2020_SYD.csv
,,,ZCSU2690353,,,,cnt_num_ZIM_12-28-2020_SYD.csv
,,,TGHU6424410,,,,cnt_num_ZIM_12-28-2020_SYD.csv
,,,ZCSU2737281,,,,cnt_num_ZIM_12-28-2020_SYD.csv
,,,TGBU7205991,,,,cnt_num_ZIM_12-28-2020_SYD.csv
,,,TGBU7071254,,,,cnt_num_ZIM_12-28-2020_SYD.csv
,,,ZCSU8801813,,,,cnt_num_ZIM_12-28-2020_SYD.csv
,,,TGHU6203255,,,,cnt_num_ZIM_12-28-2020_SYD.csv
,,,ZIMU1333936,,,,cnt_num_ZIM_12-28-2020_SYD.csv
,,,ZCSU7071942,,,,cnt_num_ZIM_12-28-2020_SYD.csv
,,,ZCSU7064434,,,,cnt_num_ZIM_12-28-2020_SYD.csv
,,,CAAU5456292,,,,cnt_num_ZIM_12-28-2020_SYD.csv
,,,TGHU6282700,,,,cnt_num_ZIM_12-28-2020_SYD.csv
,,,CAIU4345403,,,,cnt_num_ZIM_12-28-2020_SYD.csv
,,,HLXU8347723,,,,cnt_num_ZIM_12-28-2020_SYD.csv
,,,TCNU2301987,,,,cnt_num_ZIM_12-28-2020_SYD.csv
,,,SEGU5199527,,,,cnt_num_ZIM_12-28-2020_SYD.csv
,,,TCKU6163990,,,,cnt_num_ZIM_12-28-2020_SYD.csv
,,,CAIU9387398,,,,cnt_num_ZIM_12-28-2020_SYD.csv
,,,ZCSU8507584,,,,cnt_num_ZIM_12-28-2020_SYD.csv
,,,GLDU7571698,,,,cnt_num_ZIM_12-28-2020_SYD.csv
,,,BSIU9711012,,,,cnt_num_ZIM_12-28-2020_SYD.csv
,,,CAIU8707476,,,,cnt_num_ZIM_12-28-2020_SYD.csv
,,,TLLU4590920,,,,cnt_num_ZIM_12-28-2020_SYD.csv
,,,BSIU9690732,,,,cnt_num_ZIM_12-28-2020_SYD.csv
,,,BSIU2718170,,,,cnt_num_ZIM_12-28-2020_SYD.csv
,,,FCIU4106808,,,,cnt_num_ZIM_12-28-2020_SYD.csv
,,,TCKU6750889,,,,cnt_num_ZIM_12-28-2020_SYD.csv
,,,BSIU9716523,,,,cnt_num_ZIM_12-28-2020_SYD.csv
,,,TGBU7217436,,,,cnt_num_ZIM_12-28-2020_SYD.csv
,,,TLLU5208478,,,,cnt_num_ZIM_12-28-2020_SYD.csv
,,,BMOU4241055,,,,cnt_num_ZIM_12-28-2020_SYD.csv
,,,XINU1255286,,,,cnt_num_ZIM_12-28-2020_SYD.csv
,,,GAOU6119301,,,,cnt_num_ZIM_12-28-2020_SYD.csv
,,,ZCSU7048639,,,,cnt_num_ZIM_12-28-2020_SYD.csv
,,,TEMU6869907,,,,cnt_num_ZIM_12-28-2020_SYD.csv
,,,TCNU6510033,,,,cnt_num_ZIM_12-28-2020_SYD.csv
,,,BSIU9412840,,,,cnt_num_ZIM_12-28-2020_SYD.csv
,,,TCNU8931469,,,,cnt_num_ZIM_12-28-2020_SYD.csv
,,,TEMU7284521,,,,cnt_num_ZIM_12-28-2020_SYD.csv
,,,ZCSU2729542,,,,cnt_num_ZIM_12-28-2020_SYD.csv
,,,CAIU8593178,,,,cnt_num_ZIM_12-28-2020_SYD.csv
,,,ZCSU8768063,,,,cnt_num_ZIM_12-28-2020_SYD.csv
,,,ZCSU6519101,,,,cnt_num_ZIM_12-28-2020_SYD.csv
,,,ZCSU8492519,,,,cnt_num_ZIM_12-28-2020_SYD.csv
,,,GAOU6142066,,,,cnt_num_ZIM_12-28-2020_SYD.csv
,,,ZCSU8890282,,,,cnt_num_ZIM_12-28-2020_SYD.csv
,,,TCLU1479690,,,,cnt_num_ZIM_12-28-2020_SYD.csv
,,,ZCSU8652387,,,,cnt_num_ZIM_12-28-2020_SYD.csv
,,,TCNU6835764,,,,cnt_num_ZIM_12-28-2020_SYD.csv
,,,TGHU5246139,,,,cnt_num_ZIM_12-28-2020_SYD.csv
,,,TGBU5369126,,,,cnt_num_ZIM_12-28-2020_SYD.csv
,,,JXLU5965979,,,,cnt_num_ZIM_12-28-2020_SYD.csv
,,,ZCSU8557944,,,,cnt_num_ZIM_12-28-2020_SYD.csv
,,,ZMOU8813471,,,,cnt_num_ZIM_12-28-2020_SYD.csv
,,,TCNU4631972,,,,cnt_num_ZIM_12-28-2020_SYD.csv
,,,TEMU1050871,,,,cnt_num_ZIM_12-28-2020_SYD.csv
,,,GVCU5328197,,,,cnt_num_ZIM_12-28-2020_SYD.csv
,,,GAOU6447234,,,,cnt_num_ZIM_12-28-2020_SYD.csv
,,,TCNU2763080,,,,cnt_num_ZIM_12-28-2020_SYD.csv
,,,FCIU9007198,,,,cnt_num_ZIM_12-28-2020_SYD.csv
,,,GLDU7404849,,,,cnt_num_ZIM_12-28-2020_SYD.csv
,,,BSIU9769288,,,,cnt_num_ZIM_12-28-2020_SYD.csv
,,,TGBU5414035,,,,cnt_num_ZIM_12-28-2020_SYD.csv
,,,TCKU3935493,,,,cnt_num_ZIM_12-28-2020_SYD.csv
,,,ZCSU8854114,,,,cnt_num_ZIM_12-28-2020_SYD.csv
,,,BMOU4582806,,,,cnt_num_ZIM_12-28-2020_SYD.csv
,,,FSCU8177898,,,,cnt_num_ZIM_12-28-2020_SYD.csv
,,,DRYU9666290,,,,cnt_num_ZIM_12-28-2020_SYD.csv
,,,TLLU4595916,,,,cnt_num_ZIM_12-28-2020_SYD.csv
,,,TEMU4368151,,,,cnt_num_ZIM_12-28-2020_SYD.csv
,,,ZMOU8810955,,,,cnt_num_ZIM_12-28-2020_SYD.csv
,,,MAGU5461709,,,,cnt_num_ZIM_12-28-2020_SYD.csv
,,,ZCSU7067304,,,,cnt_num_ZIM_12-28-2020_SYD.csv
,,,BSIU9680354,,,,cnt_num_ZIM_12-28-2020_SYD.csv
,,,TGBU7129952,,,,cnt_num_ZIM_12-28-2020_SYD.csv
,,,ZIMU1294423,,,,cnt_num_ZIM_12-28-2020_SYD.csv
,,,ZCSU6545559,,,,cnt_num_ZIM_12-28-2020_SYD.csv
,,,BEAU5028461,,,,cnt_num_ZIM_12-28-2020_SYD.csv
,,,TRLU1711720,,,,cnt_num_ZIM_12-28-2020_SYD.csv
,,,TRIU8632568,,,,cnt_num_ZIM_12-28-2020_SYD.csv
,,,TEMU1051944,,,,cnt_num_ZIM_12-28-2020_SYD.csv
,,,ZIMU1108473,,,,cnt_num_ZIM_12-28-2020_SYD.csv
,,,SEGU2664435,,,,cnt_num_ZIM_12-28-2020_SYD.csv
,,,ZCSU5857547,,,,cnt_num_ZIM_12-28-2020_SYD.csv
,,,TEMU7190783,,,,cnt_num_ZIM_12-28-2020_SYD.csv
,,,TCNU5779753,,,,cnt_num_ZIM_12-28-2020_SYD.csv
,,,ZCSU5816933,,,,cnt_num_ZIM_12-28-2020_SYD.csv
,,,JXLU5119862,,,,cnt_num_ZIM_12-28-2020_SYD.csv
,,,GAOU6142683,,,,cnt_num_ZIM_12-28-2020_SYD.csv
,,,ZCSU8659587,,,,cnt_num_ZIM_12-28-2020_SYD.csv
,,,TCNU7258570,,,,cnt_num_ZIM_12-28-2020_SYD.csv
,,,BSIU2251492,,,,cnt_num_ZIM_12-28-2020_SYD.csv
,,,GAOU6272516,,,,cnt_num_ZIM_12-28-2020_SYD.csv
,,,SEGU5278816,,,,cnt_num_ZIM_12-28-2020_SYD.csv
,,,UETU5937156,,,,cnt_num_ZIM_12-28-2020_SYD.csv
,,,ZCSU8567372,,,,cnt_num_ZIM_12-28-2020_SYD.csv
,,,TEMU6717967,,,,cnt_num_ZIM_12-28-2020_SYD.csv
,,,TCNU2505403,,,,cnt_num_ZIM_12-28-2020_SYD.csv
,,,ZMOU8866928,,,,cnt_num_ZIM_12-28-2020_SYD.csv
,,,GIPU9058220,,,,cnt_num_ZIM_12-28-2020_SYD.csv
,,,TEMU7939296,,,,cnt_num_ZIM_12-28-2020_SYD.csv
,,,ZCSU8759863,,,,cnt_num_ZIM_12-28-2020_SYD.csv
,,,TGBU7197812,,,,cnt_num_ZIM_12-28-2020_SYD.csv
,,,ZCSU7167659,,,,cnt_num_ZIM_12-28-2020_SYD.csv
,,,FSCU8099394,,,,cnt_num_ZIM_12-28-2020_SYD.csv
,,,TCKU6644146,,,,cnt_num_ZIM_12-28-2020_SYD.csv
,,,ZCSU8599826,,,,cnt_num_ZIM_12-28-2020_SYD.csv
,,,TCNU4574471,,,,cnt_num_ZIM_12-28-2020_SYD.csv
,,,ZCSU8703442,,,,cnt_num_ZIM_12-28-2020_SYD.csv
,,,ZCSU5122784,,,,cnt_num_ZIM_12-28-2020_SYD.csv
,,,TRIU8729136,,,,cnt_num_ZIM_12-28-2020_SYD.csv
,,,CAIU9220477,,,,cnt_num_ZIM_12-28-2020_SYD.csv
,,,ZCSU8984490,,,,cnt_num_ZIM_12-28-2020_SYD.csv
,,,TCNU5415140,,,,cnt_num_ZIM_12-28-2020_SYD.csv
,,,ZCSU8688902,,,,cnt_num_ZIM_12-28-2020_SYD.csv
,,,ZCSU7152319,,,,cnt_num_ZIM_12-28-2020_SYD.csv
,,,GAOU6435547,,,,cnt_num_ZIM_12-28-2020_SYD.csv
,,,ZCSU7040638,,,,cnt_num_ZIM_12-28-2020_SYD.csv
,,,ZCSU8767895,,,,cnt_num_ZIM_12-28-2020_SYD.csv
,,,RFCU4037071,,,,cnt_num_ZIM_12-28-2020_SYD.csv
,,,ZMOU8862429,,,,cnt_num_ZIM_12-28-2020_SYD.csv
,,,TCKU6757477,,,,cnt_num_ZIM_12-28-2020_SYD.csv
,,,BMOU5887899,,,,cnt_num_ZIM_12-28-2020_SYD.csv
,,,TEMU6756726,,,,cnt_num_ZIM_12-28-2020_SYD.csv
,,,ZCSU5770154,,,,cnt_num_ZIM_12-28-2020_SYD.csv
,,,BSIU3173861,,,,cnt_num_ZIM_12-28-2020_SYD.csv
,,,BHCU3207910,,,,cnt_num_ZIM_12-28-2020_SYD.csv
,,,BSIU9605406,,,,cnt_num_ZIM_12-28-2020_SYD.csv
,,,CAIU2550918,,,,cnt_num_ZIM_12-28-2020_SYD.csv
,,,TGBU2531969,,,,cnt_num_ZIM_12-28-2020_SYD.csv
,,,TCNU5414056,,,,cnt_num_ZIM_12-28-2020_SYD.csv
,,,JXLU5106124,,,,cnt_num_ZIM_12-28-2020_SYD.csv
,,,TGCU2082291,,,,cnt_num_ZIM_12-28-2020_SYD.csv
,,,TRIU8199503,,,,cnt_num_ZIM_12-28-2020_SYD.csv
,,,ZMOU8866086,,,,cnt_num_ZIM_12-28-2020_SYD.csv
,,,TEMU8136869,,,,cnt_num_ZIM_12-28-2020_SYD.csv
,,,TCNU4254879,,,,cnt_num_ZIM_12-28-2020_SYD.csv
,,,ZCSU8526666,,,,cnt_num_ZIM_12-28-2020_SYD.csv
,,,ZCSU8739189,,,,cnt_num_ZIM_12-28-2020_SYD.csv
,,,ZIMU2777344,,,,cnt_num_ZIM_12-28-2020_SYD.csv
,,,CAIU9219780,,,,cnt_num_ZIM_12-28-2020_SYD.csv
,,,TEMU7091646,,,,cnt_num_ZIM_12-28-2020_SYD.csv
,,,DRYU4131423,,,,cnt_num_ZIM_12-28-2020_SYD.csv
,,,TRHU3304460,,,,cnt_num_ZIM_12-28-2020_SYD.csv
,,,ZMOU8849601,,,,cnt_num_ZIM_12-28-2020_SYD.csv
